
create database robust;

use robust;


DROP TABLE IF EXISTS `admin`;
CREATE TABLE `admin` (
  `username` varchar(50) default NULL,
  `password` varchar(50) default NULL
) ENGINE=InnoDB DEFAULT CHARSET=latin1;

DROP TABLE IF EXISTS `attackers`;
CREATE TABLE `attackers` (
  `oname` text,
  `cname` text,
  `reason` text,
  `ip` text,
  `an` text,
  `dt` text
) ENGINE=InnoDB DEFAULT CHARSET=latin1;

DROP TABLE IF EXISTS `attackers1`;
CREATE TABLE `attackers1` (
  `oname` text,
  `cname` text,
  `feedback` text,
  `fid` int(11) default NULL,
  `ip` text,
  `an` text,
  `dt` text
) ENGINE=InnoDB DEFAULT CHARSET=latin1;


DROP TABLE IF EXISTS `attackers2`;
CREATE TABLE `attackers2` (
  `oname` text,
  `cname` text,
  `ct` text,
  `id` int(11) default NULL,
  `ip` text,
  `an` text,
  `dt` text
) ENGINE=InnoDB DEFAULT CHARSET=latin1;


DROP TABLE IF EXISTS `backup`;
CREATE TABLE `backup` (
  `id` int(11) NOT NULL auto_increment,
  `oname` text,
  `cname` text,
  `fname` text,
  `mac` text,
  `key1` text,
  `key2` text,
  `pt` text,
  `ct` text,
  `dt` text,
  PRIMARY KEY  (`id`)
) ENGINE=InnoDB DEFAULT CHARSET=latin1;


DROP TABLE IF EXISTS `cfiles`;
CREATE TABLE `cfiles` (
  `id` int(11) NOT NULL auto_increment,
  `oname` text,
  `cname` text,
  `fname` text,
  `mac` text,
  `key1` text,
  `key2` text,
  `pt` text,
  `ct` text,
  `dt` text,
  PRIMARY KEY  (`id`)
) ENGINE=InnoDB DEFAULT CHARSET=latin1;


DROP TABLE IF EXISTS `cloud`;
CREATE TABLE `cloud` (
  `username` varchar(50) default NULL,
  `password` varchar(50) default NULL,
  `cloud` varchar(50) default NULL
) ENGINE=InnoDB DEFAULT CHARSET=latin1;


DROP TABLE IF EXISTS `cost`;
CREATE TABLE `cost` (
  `memory` varchar(50) default NULL,
  `cost` varchar(50) default NULL,
  `cloud` varchar(50) default NULL
) ENGINE=InnoDB DEFAULT CHARSET=latin1;


DROP TABLE IF EXISTS `feedback`;
CREATE TABLE `feedback` (
  `id` int(11) NOT NULL auto_increment,
  `oname` text,
  `cname` text,
  `feedback` text,
  `dt` text,
  PRIMARY KEY  (`id`)
) ENGINE=InnoDB DEFAULT CHARSET=latin1;


DROP TABLE IF EXISTS `feedback1`;
CREATE TABLE `feedback1` (
  `id` int(11) NOT NULL auto_increment,
  `oname` text,
  `cname` text,
  `feedback` text,
  `dt` text,
  PRIMARY KEY  (`id`)
) ENGINE=InnoDB DEFAULT CHARSET=latin1;


DROP TABLE IF EXISTS `udownloads`;
CREATE TABLE `udownloads` (
  `oname` text,
  `cname` text,
  `fname` text,
  `sk` text,
  `ip` text,
  `an` text,
  `dt` text
) ENGINE=InnoDB DEFAULT CHARSET=latin1;


DROP TABLE IF EXISTS `user`;
CREATE TABLE `user` (
  `id` int(11) NOT NULL auto_increment,
  `uname` text,
  `pwd` text,
  `dob` text,
  `email` text,
  `mobile` text,
  `location` text,
  `utype` text,
  `stype` text,
  `cname` text,
  `imagess` longblob,
  `count` int(11) default NULL,
  `sk` text,
  PRIMARY KEY  (`id`)
) ENGINE=InnoDB DEFAULT CHARSET=latin1;


DROP TABLE IF EXISTS `vm`;
CREATE TABLE `vm` (
  `id` int(11) NOT NULL auto_increment,
  `oname` text,
  `cname` text,
  `memory` text,
  `cost` text,
  `bw` text,
  `dt` text,
  PRIMARY KEY  (`id`)
) ENGINE=InnoDB DEFAULT CHARSET=latin1;


INSERT INTO `admin` VALUES ('TM', 'TM');
INSERT INTO `attackers` VALUES ('tmksmanju', 'CS1', 'Downloading File to the Cloud', '0:0:0:0:0:0:0:1', '0:0:0:0:0:0:0:1', '03/08/2017   13:12:29');
INSERT INTO `attackers1` VALUES ('tmksmanju', 'CS1', 'Cloud server1 is always abd', '2', '0:0:0:0:0:0:0:1', '0:0:0:0:0:0:0:1', '03/08/2017   13:06:33');
INSERT INTO `backup` VALUES ('1', 'Kamal', 'CS2', 'connect.jsp', '-1a9aa4b97eedace55124c1b7b7b8cdbf8240eb98', '[B@705d28', '[B@f429d7', '<%@ page import=\"java.sql.*\"%>\r\n<%@ page import=\"java.util.*\" %>\r\n<%\r\nConnection connection = null;\r\n  try {    \r\n   \r\n\r\n\r\n\r\n	  Class.forName(\"com.mysql.jdbc.Driver\");	\r\nconnection = DriverManager.getConnection(\"jdbc:mysql://localhost:3306/robust\",\"root\",\"root\");\r\n      String sql=\"\";\r\n\r\n}\r\ncatch(Exception e)\r\n{\r\nSystem.out.println(e);\r\n}\r\n%>', 'PCVAIHBhZ2UgaW1wb3J0PSJqYXZhLnNxbC4qIiU+DQo8JUAgcGFnZSBpbXBvcnQ9ImphdmEudXRpbC4qIiAlPg0KPCUNCkNvbm5lY3Rpb24gY29ubmVjdGlvbiA9IG51bGw7DQogIHRyeSB7ICAgIA0KICAgDQoNCg0KDQoJICBDbGFzcy5mb3JOYW1lKCJjb20ubXlzcWwuamRiYy5Ecml2ZXIiKTsJDQpjb25uZWN0aW9uID0gRHJpdmVyTWFuYWdlci5nZXRDb25uZWN0aW9uKCJqZGJjOm15c3FsOi8vbG9jYWxob3N0OjMzMDYvcm9idXN0Iiwicm9vdCIsInJvb3QiKTsNCiAgICAgIFN0cmluZyBzcWw9IiI7DQoNCn0NCmNhdGNoKEV4Y2VwdGlvbiBlKQ0Kew0KU3lzdGVtLm91dC5wcmludGxuKGUpOw0KfQ0KJT4=', '02/08/2017');
INSERT INTO `backup` VALUES ('2', 'Manjunath', 'CS1', 'admin_login.jsp', '-659e6e6adec12ed244d12e897aa91f4061221f7b', '[B@6504bc', '[B@19f9d2', '<%@ include file=\"connect.jsp\" %>\r\n<%@ page import=\"java.util.Date\" %>\r\n\r\n<%\r\n    \r\n        String username=request.getParameter(\"adminid\");      \r\n\r\n        String Password=request.getParameter(\"pass\");\r\n        \r\n\r\n\r\n	    \r\ntry\r\n{\r\n	   String sql=\"SELECT * FROM Admin where username=+username+ and password=+Password+\";\r\n        Statement stmt = connection.createStatement();\r\n	    ResultSet rs =stmt.executeQuery(sql);\r\n		String utype=\"\";\r\n	   if(rs.next())\r\n	    {\r\n	    response.sendRedirect(\"admin_main.jsp\");\r\n           }\r\n	    else\r\n	    {\r\n	    response.sendRedirect(\"wronglogin.html\");\r\n          }\r\n}\r\n\r\ncatch(Exception e)\r\n{out.print(e);}\r\n%>\r\n\r\n', 'PCVAIGluY2x1ZGUgZmlsZT0iY29ubmVjdC5qc3AiICU+DQo8JUAgcGFnZSBpbXBvcnQ9ImphdmEudXRpbC5EYXRlIiAlPg0KDQo8JQ0KICAgIA0KICAgICAgICBTdHJpbmcgdXNlcm5hbWU9cmVxdWVzdC5nZXRQYXJhbWV0ZXIoImFkbWluaWQiKTsgICAgICANCg0KICAgICAgICBTdHJpbmcgUGFzc3dvcmQ9cmVxdWVzdC5nZXRQYXJhbWV0ZXIoInBhc3MiKTsNCiAgICAgICAgDQoNCg0KCSAgICANCnRyeQ0Kew0KCSAgIFN0cmluZyBzcWw9IlNFTEVDVCAqIEZST00gQWRtaW4gd2hlcmUgdXNlcm5hbWU9JyIrdXNlcm5hbWUrIicgYW5kIHBhc3N3b3JkPSciK1Bhc3N3b3JkKyInIjsNCiAgICAgICAgU3RhdGVtZW50IHN0bXQgPSBjb25uZWN0aW9uLmNyZWF0ZVN0YXRlbWVudCgpOw0KCSAgICBSZXN1bHRTZXQgcnMgPXN0bXQuZXhlY3V0ZVF1ZXJ5KHNxbCk7DQoJCVN0cmluZyB1dHlwZT0iIjsNCgkgICBpZihycy5uZXh0KCkpDQoJICAgIHsNCgkgICAgcmVzcG9uc2Uuc2VuZFJlZGlyZWN0KCJhZG1pbl9tYWluLmpzcCIpOw0KICAgICAgICAgICB9DQoJICAgIGVsc2UNCgkgICAgew0KCSAgICByZXNwb25zZS5zZW5kUmVkaXJlY3QoIndyb25nbG9naW4uaHRtbCIpOw0KICAgICAgICAgIH0NCn0NCg0KY2F0Y2goRXhjZXB0aW9uIGUpDQp7b3V0LnByaW50KGUpO30NCiU+DQoNCg==', '03/08/2017');
INSERT INTO `cfiles` VALUES ('1', 'Kamal', 'CS2', 'connect.jsp', '-1a9aa4b97eedace55124c1b7b7b8cdbf8240eb98', '[B@705d28', '[B@f429d7', '<%@ page import=\"java.sql.*\"%>\r\n<%@ page import=\"java.util.*\" %>\r\n<%\r\nConnection connection = null;\r\n  try {    \r\n   \r\n\r\n\r\n\r\n	  Class.forName(\"com.mysql.jdbc.Driver\");	\r\nconnection = DriverManager.getConnection(\"jdbc:mysql://localhost:3306/robust\",\"root\",\"root\");\r\n      String sql=\"\";\r\n\r\n}\r\ncatch(Exception e)\r\n{\r\nSystem.out.println(e);\r\n}\r\n%>', 'PCVAIHBhZ2UgaW1wb3J0PSJqYXZhLnNxbC4qIiU+DQo8JUAgcGFnZSBpbXBvcnQ9ImphdmEudXRpbC4qIiAlPg0KPCUNCkNvbm5lY3Rpb24gY29ubmVjdGlvbiA9IG51bGw7DQogIHRyeSB7ICAgIA0KICAgDQoNCg0KDQoJICBDbGFzcy5mb3JOYW1lKCJjb20ubXlzcWwuamRiYy5Ecml2ZXIiKTsJDQpjb25uZWN0aW9uID0gRHJpdmVyTWFuYWdlci5nZXRDb25uZWN0aW9uKCJqZGJjOm15c3FsOi8vbG9jYWxob3N0OjMzMDYvcm9idXN0Iiwicm9vdCIsInJvb3QiKTsNCiAgICAgIFN0cmluZyBzcWw9IiI7DQoNCn0NCmNhdGNoKEV4Y2VwdGlvbiBlKQ0Kew0KU3lzdGVtLm91dC5wcmludGxuKGUpOw0KfQ0KJT4=', '02/08/2017');
INSERT INTO `cfiles` VALUES ('2', 'Manjunath', 'CS1', 'admin_login.jsp', '-659e6e6adec12ed244d12e897aa91f4061221f7b', '[B@6504bc', '[B@19f9d2', '<%@ include file=\"connect.jsp\" %>\r\n<%@ page import=\"java.util.Date\" %>\r\n\r\n<%\r\n    \r\n        String username=request.getParameter(\"adminid\");      \r\n\r\n        String Password=request.getParameter(\"pass\");\r\n        \r\n\r\n\r\n	    \r\ntry\r\n{\r\n	   String sql=\"SELECT * FROM Admin where username=+username+ and password=+Password+\";\r\n        Statement stmt = connection.createStatement();\r\n	    ResultSet rs =stmt.executeQuery(sql);\r\n		String utype=\"\";\r\n	   if(rs.next())\r\n	    {\r\n	    response.sendRedirect(\"admin_main.jsp\");\r\n           }\r\n	    else\r\n	    {\r\n	    response.sendRedirect(\"wronglogin.html\");\r\n          }\r\n}\r\n\r\ncatch(Exception e)\r\n{out.print(e);}\r\n%>\r\n\r\n', 'PCVAIGluY2x1ZGUgZmlsZT0iY29ubmVjdC5qc3AiICU+DQo8JUAgcGFnZSBpbXBvcnQ9ImphdmEudXRpbC5EYXRlIiAlPg0KDQo8JQ0KICAgIA0KICAgICAgICBTdHJpbmcgdXNlcm5hbWU9cmVxdWVzdC5nZXRQYXJhbWV0ZXIoImFkbWluaWQiKTsgICAgICANCg0KICAgICAgICBTdHJpbmcgUGFzc3dvcmQ9cmVxdWVzdC5nZXRQYXJhbWV0ZXIoInBhc3MiKTsNCiAgICAgICAgDQoNCg0KCSAgICANCnRyeQ0Kew0KCSAgIFN0cmluZyBzcWw9IlNFTEVDVCAqIEZST00gQWRtaW4gd2hlcmUgdXNlcm5hbWU9JyIrdXNlcm5hbWUrIicgYW5kIHBhc3N3b3JkPSciK1Bhc3N3b3JkKyInIjsNCiAgICAgICAgU3RhdGVtZW50IHN0bXQgPSBjb25uZWN0aW9uLmNyZWF0ZVN0YXRlbWVudCgpOw0KCSAgICBSZXN1bHRTZXQgcnMgPXN0bXQuZXhlY3V0ZVF1ZXJ5KHNxbCk7DQoJCVN0cmluZyB1dHlwZT0iIjsNCgkgICBpZihycy5uZXh0KCkpDQoJICAgIHsNCgkgICAgcmVzcG9uc2Uuc2VuZFJlZGlyZWN0KCJhZG1pbl9tYWluLmpzcCIpOw0KICAgICAgICAgICB9DQoJICAgIGVsc2UNCgkgICAgew0KCSAgICByZXNwb25zZS5zZW5kUmVkaXJlY3QoIndyb25nbG9naW4uaHRtbCIpOw0KICAgICAgICAgIH0NCn0NCg0KY2F0Y2goRXhjZXB0aW9uIGUpDQp7b3V0LnByaW50KGUpO30NCiU+DQoNCg==', '03/08/2017');
INSERT INTO `cloud` VALUES ('CS1', 'CS1', 'CS1');
INSERT INTO `cloud` VALUES ('CS2', 'CS2', 'CS2');
INSERT INTO `cloud` VALUES ('CS3', 'CS3', 'CS3');
INSERT INTO `cloud` VALUES ('CS4', 'CS4', 'CS4');
INSERT INTO `cost` VALUES ('100', '1000', 'CS1');
INSERT INTO `cost` VALUES ('1000', '1500', 'CS1');
INSERT INTO `cost` VALUES ('10000', '2000', 'CS1');
INSERT INTO `cost` VALUES ('100000', '2500', 'CS1');
INSERT INTO `cost` VALUES ('1000000', '3000', 'CS1');
INSERT INTO `cost` VALUES ('100', '500', 'CS2');
INSERT INTO `cost` VALUES ('1000', '1000', 'CS2');
INSERT INTO `cost` VALUES ('10000', '1500', 'CS2');
INSERT INTO `cost` VALUES ('100000', '2000', 'CS2');
INSERT INTO `cost` VALUES ('1000000', '2500', 'CS2');
INSERT INTO `cost` VALUES ('100', '800', 'CS3');
INSERT INTO `cost` VALUES ('1000', '1200', 'CS3');
INSERT INTO `cost` VALUES ('10000', '1600', 'CS3');
INSERT INTO `cost` VALUES ('100000', '2000', 'CS3');
INSERT INTO `cost` VALUES ('1000000', '2400', 'CS3');
INSERT INTO `cost` VALUES ('100', '700', 'CS4');
INSERT INTO `cost` VALUES ('1000', '1000', 'CS4');
INSERT INTO `cost` VALUES ('10000', '1300', 'CS4');
INSERT INTO `cost` VALUES ('100000', '1600', 'CS4');
INSERT INTO `cost` VALUES ('1000000', '1800', 'CS4');
INSERT INTO `feedback` VALUES ('1', 'Kamal', 'CS2', 'Cloud Server 2 is good', '02/08/2017');
INSERT INTO `feedback` VALUES ('2', 'Manjunath', 'CS1', 'Cloud server1 is always abd', '03/08/2017');
INSERT INTO `feedback` VALUES ('3', 'tmksmanju', 'CS1', 'CS1 is good', '03/08/2017');
INSERT INTO `feedback1` VALUES ('1', 'Kamal', 'CS2', 'Cloud Server 2 is good', '02/08/2017');
INSERT INTO `feedback1` VALUES ('2', 'Manjunath', 'CS1', 'Cloud server1 is always active', '03/08/2017');
INSERT INTO `feedback1` VALUES ('3', 'tmksmanju', 'CS1', 'CS1 is good', '03/08/2017');
INSERT INTO `udownloads` VALUES ('tmksmanju', 'CS1', 'admin_login.jsp', '[B@19f9d2', '0:0:0:0:0:0:0:1', '0:0:0:0:0:0:0:1', '03/08/2017');
INSERT INTO `udownloads` VALUES ('tmksmanju', 'CS1', 'admin_login.jsp', '[B@19f9d2', '0:0:0:0:0:0:0:1', '0:0:0:0:0:0:0:1', '03/08/2017');
INSERT INTO `udownloads` VALUES ('tmksmanju', 'CS1', 'admin_login.jsp', '[B@19f9d2', '0:0:0:0:0:0:0:1', '0:0:0:0:0:0:0:1', '03/08/2017');
INSERT INTO `user` VALUES ('1', 'test', 'test', '05/06/1987', 'test@gmail.com', '9535866270', 'Bangalore', 'Data Owner', 'SaaS', 'CS1', 0xFFD8FFE000104A46494600010101006000600000FFE1001645786966000049492A0008000000000000000000FFDB004300080606070605080707070909080A0C140D0C0B0B0C1912130F141D1A1F1E1D1A1C1C20242E2720222C231C1C2837292C30313434341F27393D38323C2E333432FFDB0043010909090C0B0C180D0D1832211C213232323232323232323232323232323232323232323232323232323232323232323232323232323232323232323232323232FFC00011080078008203012200021101031101FFC4001F0000010501010101010100000000000000000102030405060708090A0BFFC400B5100002010303020403050504040000017D01020300041105122131410613516107227114328191A1082342B1C11552D1F02433627282090A161718191A25262728292A3435363738393A434445464748494A535455565758595A636465666768696A737475767778797A838485868788898A92939495969798999AA2A3A4A5A6A7A8A9AAB2B3B4B5B6B7B8B9BAC2C3C4C5C6C7C8C9CAD2D3D4D5D6D7D8D9DAE1E2E3E4E5E6E7E8E9EAF1F2F3F4F5F6F7F8F9FAFFC4001F0100030101010101010101010000000000000102030405060708090A0BFFC400B51100020102040403040705040400010277000102031104052131061241510761711322328108144291A1B1C109233352F0156272D10A162434E125F11718191A262728292A35363738393A434445464748494A535455565758595A636465666768696A737475767778797A82838485868788898A92939495969798999AA2A3A4A5A6A7A8A9AAB2B3B4B5B6B7B8B9BAC2C3C4C5C6C7C8C9CAD2D3D4D5D6D7D8D9DAE2E3E4E5E6E7E8E9EAF2F3F4F5F6F7F8F9FAFFDA000C03010002110311003F00F1C8BEE53F34C1B5542D2E6AC911CFCD4A4D213F37E9431F97E6A000BAEDF9AAAF9FFBDF7CFEB51CF21DC157F0A6B936DFC5FBC23EB807F91A96C6912F9AEEC76F6F5A4689D9BE56F4FCEA4D3A2DCAECDD31D3FF00AF4E86DE7959FCA53B3A138352DA5B8D26F61B18755DCCC3E99E69E92AEEDADF2D3DB48BDDDB56376F7DB556E1268B092E772FA8FD28524F6071696A4F21DADF2D4AA3E5AA71CFBB3BFA55962BF7AAD3248C8FDED2B7F15293B72D4CCF5A004FF9654C55F97753CF6A17E6A5603EEBA28A29147C367B54A6A123E6F6A9AAC92263F31A65D3F96A9E87BD3DEA0BD3FE8E17DC526C68511F951093E573D40FF3E95ABA0F86A4D56533DD3148CF3D3926B3628FE58D597A8CFE06BD13402BF6587F97F2AE7AB3715646F460A4F52C59F8634E822096F0ACD3C87001E768E849EC00F7AE9E1F0D5B4169B5204CE3B01C9F7F5AB7A52FCBB9631F5C56D28DD17CABC93CF5E95C529B7BB3BE34A29688E327D1372B2B2ECED8FA7422B8BD7742D9B9914600E09E4939E41AF57BCB49796EDEF5C7EA881B31BFD09A74E4D3B935209AB1E492C3E66FDD1F96CA33C743F4A213BE20BE9573C4304B657A63DDF29E54FA8CF4FC2AA5A9DC9B9BBFF935E8C257573CD946CDA1D31F942AD309FE5524C2A06356C94087737D2A48C75A6253D46DCD160B9F74D14515233E1B1528A8C7DEA92AC92273F3554BB6E8BDBD6AE3FDFAA57A3A526344962649EEA0B76E84800FB6735E83653325C25B5BA6F2A077C003DCD71B65A6CF0FD86F9F6F95230C01D40E704FA83823F0C577F0581B9B5DB6AC52463CB019AE5AAD5CE9A499D05A6ADA9DA6D5686D361C7224278FC80FD6BAAB7BE92E5448B26C2A32CA8061BEB9C9F6AE3F4FF0C0F34CCF24AEC571866C8190324672727191CE064E00ABB6B248B2C890B16C71C9EC38C13D7B572CEDD0ECA5CDD4875EBB9659775C5EDC24201668E138F947249C027031CE076AE7679B4EBB9825A4D32B924072CC4120E0E49E0FF2AEBEC618751B878258D565C12B9EE3B807BFD2AC4BA3DB26FDF0ED23B6DC0CFA8A719A4AC274DB773C9FC53A7CAF142BB77C8080303A93D31F90AE7E4B09F4E98C370BB5F00E3D8F4C7E55E81AFC416F6DF6F412A9FC011FFD7AE73C66C3FE1279D17188912318F40A31FCEBA68CDB6974392B42CAFD4E725AAC4D599BEEB555CD74B39513463E5A7E77669A3E541EB4A71B680B1F745145148A3E1B4A9453314A055923586EA82EE3DD1558C50C3744690CD9F0F5DC77BE18BCD3E623CEB46135B8EE4161B80FA727F135DAF85E72DB57DF9AF29D2EED2C35212C8ADE590558275C10471FA57A1786671228746EB83F8572558B5768EBA33D51EB3024705AEE660CEC0E0FA573365A87F66DE887CBB769A4CE566619624939180411F5C1A9352BD9574A45B763BDB0AA719C13D49FA726B16DB4E56BD49990BDC039134ADDFD87231F5AC210BEACEB954E88B506B7036AA1A49A240A49F9548E4E4119E840CF5C0E95D5497C27D3CAEE0FC70C31C83EF5CA5EDA4D2B7CDE4B93D7E50700FE556B498A4D36D668E693745C7963B807A8FC29CE0BA6E4C66F66739AF0DD2EEE78C9E6B87D6E457D6AE1D64490360EE4391D0700FB74AED3C49728AAFB7B024FE55E6F6FF74B7A935D1423D4E4AF2E83663510A7DC7DFA62D743398957F5348DF2D3D454727DCA623EEBA28A2A4A3E1EC51482948AA244CD2814829C050065DE47B66FAD74BE12D50C4E212DC8E3F0358B791798BF2F515A7E18D1AEAFAF13ECF0B492CA4848D4F24004920753D380393DB359CD69A9A41B4F43D4B4FD4FE508EDC1E99AD3F29275DAAC327B827F5AE36D4CB17EE6E159594E39E08238E47518AD9B79E5FBD14EBF47C83FFD7AE469746764646BADBA59659B6FD40C5656A3A82B4BB51BE51D7DBDA9B3CB332FCF7231E8B927E955ECF49BDD66EBEC961049239EBB4741EA4F403DCE284B5D4252D0E3FC4B3CD2DACDE5296F523B0CF26B9AB6DCB157B0F8DB42B5F06F857ECD70EB2EADA80C1DBF7628C104E3B9248033EC71D327C8377EEB6B75AE9A5B6A8E5A8AFA95A43B9A9529187CD4F515A9912E2A294FCBB6A6A8253F350C47DD945145228F877346682DF2D46CCCDF71777BF6AA124DEC494BB969D0DB193E67AB62045C6D5A2E68A9B204B479D76FDD07B9AEE7C0A12CBC5FA3AF0ABE605FCC11FD6B9F823DAA59A99A7F8822B4F115A4CAAFB20994F983A64119FE5D693D4D231515E67D3FAFF83F4BF10A99264F2AEB1C4F1001BDB23A11F5E7D08AF35D4BC1D79A4DC6C9E133444E1268D4B2B67A038E41F63D7B135ECF04A25B68E45390CA083EA08CD61DE788D21F33CA89268D0ED2776391D71C1AE7A908EFB0E8AA927CB157393D1BE1E7DA5527D437C111E7CA030EDF5F4FD4FB0AEFAD2C6C346B231DB431DBC1182CC40C703A927BFE34CD23531A9DA79980AC0ED600E7F1E83AD711F16FC551E93A28D2A29D52E2F07EF39C158F3CF3DB2463E80D5D3A71E9A91514F9B965A1E45E3DD79FC49E20BBBDDC7C9CEC854FF0A0C81F9F53EE4D71DF64DEBEFDAB4267DFF4A620AD9AD4BB2B58AAFA741E5093E6E47AF7AA660963CFCA71EB5AE5DBCAF2FD0F14AABF2FCDD6825C174318D40DFEB6B71E0493EF28FCAA94960BBB7237E068337068FB768A28A924F88D2D07DE7CB54EB12FF778A7E29C299D09242A85A9913730A8074A9C4BE52FCAA59BB0FF00134CA26BA97CA8B627FAC6E00FE67F0EB541AD516D4AFF009CD4803B3798EDB9CFE407A0A7B0F9684267D31E01BD9359F877A63B4A44BF6730B483920AE5723DF8079AC28ECE4D37EDFA74EC5DA260C8D8C6E56C90C3F507D0822AC7C152DFF0AF21566CE2E6503D8641C7EA4FE34BAF5CDBDEF8BD82ED7FB3C0A8C48E370624E0F7C66B0AE958DB03297B5B2D883C33AAAE98DA8DDCD215B3B5B7324A3A9624FCB8F7E08FC7F2F1BF12EAB378935AB8D52F94169CFEED08C88D470147D0639EFD7BD7A078FEED74BD365B48530DA932B48CB80BB5093803DC9049CF38AF2B95F738FA7EBFE7D6AE8D9410F13EF557229F95F666F973E57FE83FFD6FE553E3E5DD4F22A1C32FDCE9E9DBF0F4AB311DFC5FAD229DDF4A0B1E3E5E6984FF000D1601E5E81F3531569C7E5A607D9D4514549CA7C5C052E68A2A8E9034E068A2802402949DB11FA51452407BCFC3F98F87FE11C177270F3348F183DCB3103EBD33F41589A2349737F3CED962C3AF5EF93FCE8A2B9EB9DF9725EF339EF89F39FED7B483767CBB6048F425893FC857039DCDF951456B4FE1473E23E31C6936D145686232460BF5A8B3451400F5A639A28A047DA34514549CC7FFD9, '0', 'Rejected');
INSERT INTO `user` VALUES ('2', 'Ravi', 'Ravi', '05/06/1987', 'Ravi.123@gmail.com', '9535866270', 'Bangalore', 'Data Owner', 'SaaS', 'CS2', 0x89504E470D0A1A0A0000000D49484452000000CC000000CC080300000008FCBCC000000081504C5445FFFFFF050808000000000404F5F5F5FCFCFCEFEFEFE7E7E7404242F9F9F9EAEAEAC7C8C8393B3BABACAC767777D7D7D7B8B8B8A0A1A18A8B8B666767E0E0E09394942D2F2F3234340E1010CFCFCF151717999A9A8081816F7070464848252727B2B2B25556565456565F60608384844B4C4C8D8E8E191C1C262828171B1BC0C0C0AC06F72100000E7A49444154789CCD5DD9A2A2300CD5B28908881B2E880B6EE3FF7FE080D285D5362D70CFE3CC157A689226699A8E461DC0D0CDA9B5731F5E32094FFB718EFD299C24DEC3DD59535337BA78AF7298BE333F2C275B94431B1368F8DFB693E561EEF8E6D0636D85E1BB8BE364FF19F0B8059F3FD84F8E0BD7FFAB33F4F6E2CDF8178F22A3F126F6DE438FBB0CDD72E3B250F1E02B787160E94333C03076EE529C4791D1D2DDFD0581335D6FC32D5A4D481FB0F1DCA10DC2349A6D1B9810DB5546FD14A6366E164D8763623A49BDBE7F79EC37B3F89224CBA3F7C17199249778B6D93731CAFE397186999EE9FC5237A60F913089D6C1D9F12DBBF81BDBF29D73B08E92B09E50FAE3CBBCFFE9B1DDA43A9A0F91C96DBEF3A776EB8FA7FE6E7E8BEB08A58F48DCD61FABC73C1C97C6F12172F21C53E71C8AAD9B8E77AA12D2D0389C773B7A16BA139747906ACE6C1958E2CFB282E56C5CD2BBF4BBC44E4F2B8FEF555FBE895C1FFC3C37DA543F8EB75339E60698EBB0F8E2544EAE675F4ACC6DFF7C2D99450D85EBCE0DDB7B5678693A29DA71A54061EDD5512B4E0F42B36EDD36CB2BFBF49783B2EF671E2EE5A77B002DE484718E0BA2905951A5A26066F6BEF086F8DC91CBA67B7B54F86EF7B7F2F56DFABE176607EDBD4ECCDA2E66BF1A42AF79271FCD98BF8AEF89D59B353D28BD22E86C99B683D2670B144F8E15159EBF5FACD43EBF88D5625F601329B5037EC20872BAAE381D47528673653E9E8612F08A5CC5FB44B9A48B5BD043506804CC2AAAA193AA25C77099AF84C649A71246B14AC6CC6B91ABE40BEA0796CB33E82D7A328327CBE6A0C00CE8378D9D6E85C2FB1B3E2BDEDA4D9A8D7EA4F392BA173D07B5A6C7BEFD28C9C6BC32DFE6E9AA19A208DC27231757A96F692D19A9DD0C927B7C87CC1096120B8EB924F3A2A17BAFEA42E1DF99412CC173A35F99C71C07CB694D8FCC30AE40BD49759F2ADFADE78C090BFBC698019815D06FE48320B4503D40312C081B0D412CB47120EB0B42EB01E72583BD266C907610F705A80F932EBE1D8C4F10076638C22BC4FB6F7129B2115C23524782CA18E76F8CE0BCEBD04360244DCCA9B212AA700B5E7D316214DE8F8BAE12DFF6821AA44460F1D423FCBBD478F0FF2CC83760FE258755179BE3373AAA88DFA405F41B1C05ECD8EEF333ED9342DF5ED68EAF788EEC239597807F50443AEF22E359CDD8F803A14DF28067A0EB30BD534DE6CCD9E824D58742A1B1A40EFB98453641E1E5A6908F4FBC4E1473099A4186849E8236D0AD6C097E44EE79F3CDA99942E7DDBB69C49B4404C8E351CA334EF368C2ABD3FB596133263BB5FF4EB3FB72E1BE772B9918CBC5EA8CF6E7DF7F6D5121F344DFB4BAD7911913ABF0DDB78DBDF51CBE1E51B9897FDB67FAC727F1371E9BC81435093DE3089AE3314FFC1FFB4D1506A0B807CE3A8D8CD01D5804E453B5F9A1D226B6AE68CC6DC919ECB6FCA51A695C019B9D00E7D3D0AC5D76D644BF1288585B7B7E32299BBB03216326C442B5BA8D3B6CC711027DB5B3583910DA80B62B5678516F5D0775AAFD10211B392FC182207402CD4D406D40B3997788905D21CA394D04B964D20CF1DF8C2B11B4E68F819718B497FB60226C6022807513C54D7F3227B3B7804C8CF10F42E6097AD5820CB5A132C526DA1F83B4FF0DE0F27BB1A8C78A085158EFEEB9E3AFC608040B05783032C24ED30738E4D2C6B50E24515FF482F9B6318C4CA3D4B7C2C686B3DE84CC89290316486D60645EB0B7CD8941AB19AE79C154EFC0E85D7491912363600F1D5DAABE0A5E633498468EC033B301BEEE4D065C5D47925619E4C10C4666067C1DD5F1A4F25F8427787BAC673224E8D450F9F3472D12F847C9502D8F4AFF918F4493482CF74D868482E5B8C6CDA32AA4C1A3F3DEC998F9A60BDA165483A497D011FCE8FEC990944331EDB4DB602993A825E99FCC0ACB5921C8C3D93B7495C8D2F54FC6C6710D6B8275BCDD8FCEF0270F40260DD3F3872C69C469E541B5606E79783238F78C104D0812298B6472C1218C4C28F14A3BAACA59EEBC37C4069C980BE4CC18685B99530C3806630209B2F880A5CC766F303F333345910B4EA5FB64B1C7FFF2266A047DA62373EC2CDB9602D71811D3859F40564C58B8FCC91D82CF027EBF2B2C7F36A219211C7D1B586510B000CABE816705A32D9BD70A0BAB48FC7502FC5CDAD109F6BCD10AAA2E0C9927D4F5C87738D0E6ABEFC422C0F224E9D790E692BE1C5A24EF152D314EA8B5A43ADB71564106BA2A3878F49FC22BF3885506EAFD1F5490811A1F132BCD311BBE3FC9A58E6F33BA06901C73850C3428D4F1F02799D2E02434BCD8AFBA630E207306BE1C9BD26FB21F67D3A0B9BFACA2430119B0F3C18EDF386095011FBA59C1577FC2E51F382ADC61A5391824969170FF2D5896B940E6022E1A2261401AD3985881C0C9BFAC124C9A0C3C2984938168628EA6382F2311CBCCE55CB34C7BE1D5EC38A641DB69EADCE4CFE3AD5EACC14A56CED045A22E7E8D1958D814417798BE8864C9C8D44DE37DA7D482B9D84C9F259EB73A49B1411B999A415C86957A440FEC75423DB30F0219EB0CA85466E160AFFF81BD4E8990F98335B8578B265B388D43E7D4EBC7868DA37AAB0D86FF804D0E420FC91E47789943C9082F3317E972FF3EB7CE59D817BCD0E06C5775FB491C90C49954DA2C0716AE7074D294915943C8482C6F2532DA6994F75283A7992820DE33DCBDA5C0E9A6FD083F54626306633511AF6A9A28388F4B2A430919683683812DEE088814F537C2EB820C2D3AE685C4DE36836EC8EC44ED99A4DF91A31B325C75CD05320A34B5333282814D6D118F383A222358A6052CCF2AA34A46C98493EC02E7C4A8695C424DB3C24533036F01FD58AE1AA400BA682A74673298FC36E09B505500EACE2874343FB01A8F9D94B9C0CA5A6B401D4D7521408E15DF462DDAAAE2C284008A8233065C7B4F68A3AC490A139C290A9B5938BFCB1BD04CC5D2FF051336E384C64BDDD3498AA1655E54BEED45121A4A524D65ECDAF301DCA72CB9C0A49A9424012B687539D14B69972F2609A8223D5B835DB3DEA0506D9B14263DAB22715E8747339987D217B18973BAA5A1B69960F346A75A8126C7FDB32D0D059B4DB5688C3AD5449714EC6693826DC05AE052892A19A942B02AD86D40051BB4B538379D7254BB0894C62FBF755E8B77D32E077A2AFD6AC5AD7352D43053DA14B1F198A3525F6334D2B133F3296AA0E5264ABB44342E9B4A5D197A22238F8E482190D2B5CC6F5A3555BAB423A68CF1BB93484AB4D4A40172346EDA2AC9C85260B9CA6D24299E7BAA7C4963A583C2C829C3B3583C47CB1A557EB29EC46C552A6B942F38AD81B168F60040E7731B502E3855500A5C861DCC9A231A84666A3A7C66A894022B28D266A1EFD6FBD6BD670DA157A046A4AB45DAA47C5E850B68CEBDFDEF7D6784C2B58A7B4D5C54299F278227BDF5A31F2E1C54BE7436CBB3E4DBB20E59F9D3A8BA9323272F29393356D15EA08C3EFDD3976B4A4D8F8F73194C7D393D0C242167A6237CA54EAA3CFB852F210DE4AC0C731888FE630CF59CA7D9ED40808213849ED11CFA523BAE9B047C800E5AF7A9AFEFE58B4244E85C8002814BDD8B07E8E8D146C052635851BB29FE4D2735D5901D01A21DC58E5AE4D0A9701C60F80BE92B9B32E5D98AAF3C536CB78A874E99B64682E9337FB1912DD0CC5F8CE283A0074A1266E53647C4600B35CE330EA17C4D33A53311D21DD254AF7C509B3942CFEF6DDAEF8D3A2AE3EF253A026E41D078849E3637E02E645D1D9552C9E9DC785F6F9113F4D54D3FDA76E2CCF52CFB3C53A32C653A57CEE8FD4C065CCD29D05601139E99B62391EE5F2240CF07CF008C0911A51AAB4E5BB570688DC5E94E82D870550663E7B8BECA8336D878FEF2968CC60C9F223ABFB351FA93684C2D73DADEE8D75AE376CB256373FE3104DC22AF29734D1B4FFD88380FB053CC426CF6ED4B0E499734359E625A82B56E3C1DBA5317864DAB51A53587CDE97EE251B724378D40EB814BE670B5DC3D45FA7CB7D445D1367A93C6A99977AD2F84CDABF18BDA1362CA9A2D05D3E0B069DF7155DB5EB623364D169AEC97B61E89665A4FD653B6BBD77D86CDB67E940E57EB49B629E8B5F6B3C89EFA1164537B46684A7B35B6AF2124AED16A2F36A8EF61DC1D99BA86D136FDE03FDAB5328D74C75541238E6A6F6C6A9677875CE5F47B4389DA806AAF0315879805D954FC448B3660FF5D23CB349F4E4AA662DA975566C89C4A53A3932EAA68C211F9306DC14BFA05395222CDA6320691B6E06CC3F6524B983EDC980A19AD3004DADC86AF613BDB4ABF6004FAD798CF1858AD61949FB77B0173C901534969F46DCAF22130113EADFE1428BF63AE9FA031E94EBE8709884C48864D227BA11C12BD1884B92329E8227FF11B74DC3A739586C846127B654BEECBE9A2C74954810CC0835DD9C25EA63346B78FD968DC0AEF9CCC37EE3598FBB0446F28A4D71C695F77CF1946CA48211C73958E785D0C7B0155B671AFA2530E0C59006D2C98E188EFE614AE068B74A35FE7BF402632747A6D1BE86A30F6D2B6D40AF4EE3033642E96C70C0576AD266BBF5032CC2AF379F78669D10FBE5453672FD31C8447F9E5F08B0E0B5750FE09C85C4159BC1CF40F40EA72D0E2B5AD4343F6DAD6E285BAC342FE42DDE255C74342C555C7A54BA887E3A2E412EAD2F5E0837151563CC85EDC3E04145EDC9EC24F8664A3A144695DB7150D276AA99FABF69CD24897EAC624C725507AE2E2835D3C48DE0CC56A0F29E5D0BDAEEA185AB8ECA11D767FC138CB773214E412B76C6CCA228D92FA336B1A4A63C2CEA86478B7D4C5AB054233B587536B60AE25DB66F34143E1BAC34BA0097CAFFBC94925AC13235685EEC49DAA4E5611E87464C4EA300FC175CCBFA98C43B547467FC276934E66279D95C4557B649C07D3F945399D94CAA5ABBBD27FC07412245FA04D903D2B71FA30610D9846B3AD1A3A086D67D130934261BA9ECCDD136452369E3BE0A410183B57F8E40C8BEC7EEAA5ABE2D0961AE8961B7FAECB166EA397210EAC1E57153EBCBD7833E6B7089FBFDCC45EE70E181086EF2E8E933DFAC5E87BE7F9E4B87025DBCE760DD377E687E5648BEF6967048F5CDEBE9D2C0F73C7FF0B0AFF1B866E4EAD9DFBF0924978DA632EFB533849BC87BBB3A6A6DEC98CFC07125ACFC339E311ED0000000049454E44AE426082, '0', 'Rejected');
INSERT INTO `user` VALUES ('3', 'Rajesh', 'Rajesh', '05/06/1987', 'Rajesh.123@gmail.com', '9535866270', 'Bangalore', 'Data Owner', 'Paas', 'CS3', 0x89504E470D0A1A0A0000000D49484452000000780000007808030000000EBAC6E000000066504C5445000000FFFFFFB9B9B9F0F0F0FCFCFC6E6E6E222222E9E9E9F3F3F3979797DFDFDFF6F6F6B3B3B3C2C2C2656565E6E6E6CACACA7373735353535959599D9D9DABABAB484848D2D2D23F3F3F8888882727274E4E4E1111111717170808085F5F5F3636368080804A918D9200000422494441546881ED9BDB9AA2300C8023051514114754C003BCFF4BAE8EB2D292F444D4B9F0BFDC4FFCB7B5A46D9281893B495AB4353CA8DB224D3CBE041C3F9F2D574718705C2DB3578A457A41AC0FF725152F128BB8A2AC77AAD8416D2D16F154AFBD31B557DB8A97E41C2B33BE6415EF7776DA1BBB3D9FB8B0D7DE2898C48B1F372FC0CF82432C0C6B19A332AF31A3786FB198874C8D3FB449BCF7D1DE30990D626FAFD1AC170BAF79BE33D5FFCE5AF1BCF1F70234736F7134C60B10F98AE3715E80D84F3C62617568169846EC109F29763EE2E5782F00BD5791E2F989437C225736292E39BC00A5AB38E4F102848EE2D1AF5207F54A1162B601934326C4299F387512AFF8C42B17B1E0F302E0BB142E66091E1D7810C1C539A738B7178FDB8755F07D1915279C5E00F4168B8AD7BCE2B5B598294E77A0F11A15B3AE2D6275A162E73B8B9E1F5B71B8E1156FB0708D89339633C09313961FC1C4B311C7788CE9EC2BFE8A3BB85F27CCF1A702C8E742E6C736898F6D8B1F3B082C0E9CDE039A6EFB5B87BDCF1D6F3F76A0EFE77B5669E04CDABB0211B91F421C3C1F9C52375C0D612FDA074EE2496FAAC84B3D4D3F025102E2DFB7BD47ED52EE3DFA89AAADA3B87F336F2CF2DE7D164DEF61D75484948B20AEB814FDCB3599DC23C50BB0791C434A9F90934527D8A40A886D5167A2041FBA2E629B524477180C6967F34A292A49546A752A6CA587FC92A8CA97B436DED6FA3FAB4D94CBB99FC658264E1AE901EDCBA015ABFB72AC7DA1174A3610DF87ADC4934429653644E0BD11C8C385A37E820CE51FD50C8702DDE544A11E5A0C5E63C16B78FCAAA27426C5C1709646C332A06941184B7CC979F09DD7237A5E04627E4504458E1DFFCFC685682E6A2A4BD50AF30B6055C6752E3F452C65DCC9C70AD75792DAACEBA8EDDA516C9B13AC076D355C07F1449416B9A053C9DE8E7165561A3205D312BBFA8F175FD5E9057BAB7F395F5207AD4F935184351945AF6D327A902CB7F9FF919FF3EDF21D6D553D42213C2E190CE2717CC55FF12F73A7D51B6AFB3FECC5595C43A539E4A90415D4B1399C18C4227E6C0DA7ADD5A8E7DD11F764EADED38AF752DAA9DD1BDCE15AFA7CAEBDD06BC4EB41F6B86A03721C22680747CD8DE6AA478A13FCA455D5F13A9143652892755CE37D6E1119C6A91E812DFA3D0F9A4D9497F7C45299479B46F7596A6DE0E284A1DDA663870F1A15B366148974022666CE93E3993244CCD811D181DC948762C69FF7C930193210BF60BC37066356C4217301E6491E6AC56CBD4543629D38303FEF4F408BB3577A01324A1C3ADC097DA84342EC780D76A7C0C533CB36797F8E33543CB2E1D586081333349E9AD92362D6B21EC5612866AEA052AC07E217C56895952A662DEAE9C814716B7E848756163336809A0825316303A8895412BF217874447DF1DB96D60DD113BF71A6BBB98677CF7437D7BF629F3FF0F1E7FEA741FF003B3B3706917081010000000049454E44AE426082, '0', 'Rejected');
INSERT INTO `user` VALUES ('4', 'Amar', 'Amar', '05/06/1987', 'Amar.123@gmail.com', '9535866270', 'Bangalore', 'Data Owner', 'Iaas', 'CS4', 0x89504E470D0A1A0A0000000D49484452000000660000006608030000000E01145000000084504C5445FFFFFF34495E2C3E502E40531C32469EA5AD31475C2E445A31465CFAFBFB284057273F56A4ADB6243D55EFF0F23A4E62B0B7BF425569C1C7CEDDE1E4B9BFC6C7CDD18995A0516274E6E8EA193045848E9958697ADBDFE297A1AC7F8994758290677786485B6FABB2BA4E5C67717B86D1D4D74757665763705E6C7A60708024384B19364FB10589D20000031C494441546881ED9AD9B6A23010458D62429019191411A145AFFAFFFFD7B0AE53AB544A2A3EB5E7C147F7AAA4726AD0D1E8ABAFBEFAACDC2C8A7DDBF6C328733FC5904DBDAE1CC799CDDA8F6A5D37F2139478595996C9CE32C5AC5AC6DA2159E9892BE342F2CA4C2B44FA8EE0EC495C9C7C8D27E7268F91DC224AB4E5822C5F8572E194BAE2D9587D904E56A90522973388C2D82CD111CFDCEBB997EBB979733A25CB054C614CE4F4BC4EC08B395F4F410EC651535A0E351C4C305D16D02832E87D31F7E2012DD9E68A2CBB7242122651A6D9AF04E9D4E4168BD9524E2DFBC1620E945C6B2A5406B44E9036044C8C4BB436052A4A250D0364A6990125D5622C8607946862ECDDF08A7237AB148BC957048C7BC026F486D412ACB198358532B291185E933011C3393423161C9CDB88038D329A9F309813AD0EB41EADEE38BA60C82D54C89446C03DFA682097EA064A473F98ED151C1D6D5AAB9507724440F1993B8501C011A412F02FA7EAE588541BA52DD669CF54E0908AF3B312EF15C523769B0F721B3F7F656E077FA56F3FE076FB809716CABBFD801E90B45366F5FA34B7586AD35FA76BB3D781DC87C48811C9F87042141CEE1C289B15B7800DE026111483038AF2FE7DC05340E650679B5BC850CE013943FC40DAAA41FD51A657BF7F4185BA9C3D8A7B6F4FD405FE5AEE38E24D8EDDFF20219996FD0E65EE0DA27403C81B8B9555FA568EDD4BA4F85A8A699A7A39399692A016287D72903528C6F5CD7D42766D6E4938B24EA2C4D89B4FA4B4F120B22D1B9E65D770102E5A2B369B18CD7C25063BA243E2958A129292F922654DC08ECEB0C406A644D8250D2C1E4420C6D64269054ED6728DDAA0AA652D21CCEA650B3B4022874E2D1E5A671E65821B295FC3DBFC9505BC50895B6EA330457F974336E79B209B46FCBA81C600ABDC2CD76068670CE0D2E82D1D0203ECF1DC8D3ECC16B81BEC121D81F901303B6D98C91EB89BCD51930BF0237037B230C67A0AC1D89802434838198F2764106FBF85439E26B7C6B80511D57E8501FF9E13ED8E630D32FE285AA8666F90214763AF1C0BA262B75818042D16BB2962A89659534F09AA9BEC237FF2F8EAABFF4E7F01B070378EDE50F2620000000049454E44AE426082, '0', 'Rejected');
INSERT INTO `user` VALUES ('5', 'Kamal', 'Kamal', '05/06/1987', 'Kamal.123', '9535866270', 'Bangalore', 'Data Owner', 'Paas', 'CS2', 0x89504E470D0A1A0A0000000D49484452000000660000006608030000000E01145000000084504C5445FFFFFF34495E2C3E502E40531C32469EA5AD31475C2E445A31465CFAFBFB284057273F56A4ADB6243D55EFF0F23A4E62B0B7BF425569C1C7CEDDE1E4B9BFC6C7CDD18995A0516274E6E8EA193045848E9958697ADBDFE297A1AC7F8994758290677786485B6FABB2BA4E5C67717B86D1D4D74757665763705E6C7A60708024384B19364FB10589D20000031C494441546881ED9AD9B6A23010458D62429019191411A145AFFAFFFFD7B0AE53AB544A2A3EB5E7C147F7AAA4726AD0D1E8ABAFBEFAACDC2C8A7DDBF6C328733FC5904DBDAE1CC799CDDA8F6A5D37F2139478595996C9CE32C5AC5AC6DA2159E9892BE342F2CA4C2B44FA8EE0EC495C9C7C8D27E7268F91DC224AB4E5822C5F8572E194BAE2D9587D904E56A90522973388C2D82CD111CFDCEBB997EBB979733A25CB054C614CE4F4BC4EC08B395F4F410EC651535A0E351C4C305D16D02832E87D31F7E2012DD9E68A2CBB7242122651A6D9AF04E9D4E4168BD9524E2DFBC1620E945C6B2A5406B44E9036044C8C4BB436052A4A250D0364A6990125D5622C8607946862ECDDF08A7237AB148BC957048C7BC026F486D412ACB198358532B291185E933011C3393423161C9CDB88038D329A9F309813AD0EB41EADEE38BA60C82D54C89446C03DFA682097EA064A473F98ED151C1D6D5AAB9507724440F1993B8501C011A412F02FA7EAE588541BA52DD669CF54E0908AF3B312EF15C523769B0F721B3F7F656E077FA56F3FE076FB809716CABBFD801E90B45366F5FA34B7586AD35FA76BB3D781DC87C48811C9F87042141CEE1C289B15B7800DE026111483038AF2FE7DC05340E650679B5BC850CE013943FC40DAAA41FD51A657BF7F4185BA9C3D8A7B6F4FD405FE5AEE38E24D8EDDFF20219996FD0E65EE0DA27403C81B8B9555FA568EDD4BA4F85A8A699A7A39399692A016287D72903528C6F5CD7D42766D6E4938B24EA2C4D89B4FA4B4F120B22D1B9E65D770102E5A2B369B18CD7C25063BA243E2958A129292F922654DC08ECEB0C406A644D8250D2C1E4420C6D64269054ED6728DDAA0AA652D21CCEA650B3B4022874E2D1E5A671E65821B295FC3DBFC9505BC50895B6EA330457F974336E79B209B46FCBA81C600ABDC2CD76068670CE0D2E82D1D0203ECF1DC8D3ECC16B81BEC121D81F901303B6D98C91EB89BCD51930BF0237037B230C67A0AC1D89802434838198F2764106FBF85439E26B7C6B80511D57E8501FF9E13ED8E630D32FE285AA8666F90214763AF1C0BA262B75818042D16BB2962A89659534F09AA9BEC237FF2F8EAABFF4E7F01B070378EDE50F2620000000049454E44AE426082, '0', 'Rejected');
INSERT INTO `user` VALUES ('6', 'test', 'test', '05/06/1987', 'test@gmail.com', '9535866270', 'Bangalore', 'Cloud Consumer', 'SaaS', 'CS2', 0x89504E470D0A1A0A0000000D49484452000000660000006608030000000E01145000000084504C5445FFFFFF34495E2C3E502E40531C32469EA5AD31475C2E445A31465CFAFBFB284057273F56A4ADB6243D55EFF0F23A4E62B0B7BF425569C1C7CEDDE1E4B9BFC6C7CDD18995A0516274E6E8EA193045848E9958697ADBDFE297A1AC7F8994758290677786485B6FABB2BA4E5C67717B86D1D4D74757665763705E6C7A60708024384B19364FB10589D20000031C494441546881ED9AD9B6A23010458D62429019191411A145AFFAFFFFD7B0AE53AB544A2A3EB5E7C147F7AAA4726AD0D1E8ABAFBEFAACDC2C8A7DDBF6C328733FC5904DBDAE1CC799CDDA8F6A5D37F2139478595996C9CE32C5AC5AC6DA2159E9892BE342F2CA4C2B44FA8EE0EC495C9C7C8D27E7268F91DC224AB4E5822C5F8572E194BAE2D9587D904E56A90522973388C2D82CD111CFDCEBB997EBB979733A25CB054C614CE4F4BC4EC08B395F4F410EC651535A0E351C4C305D16D02832E87D31F7E2012DD9E68A2CBB7242122651A6D9AF04E9D4E4168BD9524E2DFBC1620E945C6B2A5406B44E9036044C8C4BB436052A4A250D0364A6990125D5622C8607946862ECDDF08A7237AB148BC957048C7BC026F486D412ACB198358532B291185E933011C3393423161C9CDB88038D329A9F309813AD0EB41EADEE38BA60C82D54C89446C03DFA682097EA064A473F98ED151C1D6D5AAB9507724440F1993B8501C011A412F02FA7EAE588541BA52DD669CF54E0908AF3B312EF15C523769B0F721B3F7F656E077FA56F3FE076FB809716CABBFD801E90B45366F5FA34B7586AD35FA76BB3D781DC87C48811C9F87042141CEE1C289B15B7800DE026111483038AF2FE7DC05340E650679B5BC850CE013943FC40DAAA41FD51A657BF7F4185BA9C3D8A7B6F4FD405FE5AEE38E24D8EDDFF20219996FD0E65EE0DA27403C81B8B9555FA568EDD4BA4F85A8A699A7A39399692A016287D72903528C6F5CD7D42766D6E4938B24EA2C4D89B4FA4B4F120B22D1B9E65D770102E5A2B369B18CD7C25063BA243E2958A129292F922654DC08ECEB0C406A644D8250D2C1E4420C6D64269054ED6728DDAA0AA652D21CCEA650B3B4022874E2D1E5A671E65821B295FC3DBFC9505BC50895B6EA330457F974336E79B209B46FCBA81C600ABDC2CD76068670CE0D2E82D1D0203ECF1DC8D3ECC16B81BEC121D81F901303B6D98C91EB89BCD51930BF0237037B230C67A0AC1D89802434838198F2764106FBF85439E26B7C6B80511D57E8501FF9E13ED8E630D32FE285AA8666F90214763AF1C0BA262B75818042D16BB2962A89659534F09AA9BEC237FF2F8EAABFF4E7F01B070378EDE50F2620000000049454E44AE426082, '0', 'Rejected');
INSERT INTO `user` VALUES ('7', 'Manjunath', 'Manjunath', '05/06/1987', 'tmksmanju13@gmail.com', '9535866270', 'Bangalore', 'Data Owner', 'SaaS', 'CS1', 0x89504E470D0A1A0A0000000D49484452000000780000007808030000000EBAC6E000000066504C5445FFFFFF252525FEFEFE0000002222220D0D0D1313130808081D1D1D101010BBBBBB191919E5E5E5F9F9F9DCDCDCF6F6F6D5D5D5A3A3A39A9A9A6767675A5A5AADADAD707070ECECECC1C1C13030304A4A4A3D3D3D8D8D8D868686B5B5B55252527C7C7CCACACAFF9A7B8A000004F3494441546881ED5B897AAA3A10862490B02808C82688BEFF4B1E9045AC6499107ACF77EFFD6B2B2DD49F99CC921912CBFA9B815E5FD3DB78805E7F1E8FA653AFD7728D01D637D6C79B785F609AD85A3EFFEB265E5A789F3601F4718CC6BBB1AC996CD63B9A556D46D3FF634211DFAF97CBF51E17BF48FA4C3ADCC3E931BC77C9F33758E396608FD92B300F93363E98F699391EB1BF403C273B52EC734A836FD611014DCF07D19E12D7E5D10E70DDE474046FD86111ED00DC85E6796397ABE595BE5DE34656E20D9BFA06C1A559DEBB54CD8BBAEF26794B65DE9ED9A0CCF196EF72B5ED191BE7E2C6E47C6FB09BA9F89D3B105EDB767233BC3E60804760DF04EFA9020CF008529908610985F2DA364DF6F39EC08A1E80F78B7C015AD608E7B29B9880477800217B79632D4DF7BADE1B451A610AE6C36D7612C37D6904A9F6F1169A9AEE75BD2F6EC2A3D642BC2F7AE90EB1D2208B4ABB5C61BEB38D409029D054F8F18951064A886BB04CF0B1C892309F6E9A46DD9BF58D1B35115A4A5D1E225D6F1AFC2912482C633E8C78A2E7AB7A0F313F41C9253E668C1524469DBE557722AB4612E243FD5888C6D325F604916BF66301F131B15A41D5876627611FEE907C3CBB93E8AE5A4DEB0A5AA1AC13BD80FA8839175208D6C7CC32E569D13A645EAD2671E46A884C5C7E86B054F2F180444364475C3BC963F54B6458593E80DD8402BF99C55799AF8F958CAB470E0CD89EA42380969029218E2A580F4430F758132B30C76ADDB51144A15E5332AE0186FB5C8B3B49AF04189842E982D4FC786656EC652A944C48211FBF511295EE2D51E9278224B6ACB0A612A109ADD5FAD580317E5D9760A1D0014ED43E09A94C043E70CE30D7A319CE549F4920B558FD8138C35BD98AB83803745B40C635236C2AECB01539610EAE1AD0C308A57CBC5CDC3EA679E3294ED20A2FA8D2249EAA95E2D1AA7D1680B7A8A9535D96296B14C6FEB5871F874B602E2E95436B859E8BDA0C6444C982213A540957A561520D3126602A1153D59D4EED14B708A5F93DFABA1E45F79C4E5E4E702B6DA0AA5A7558AF2235C3386BCA70F91714964D86D76E86A5614451629FFE705EE60E3655A7799ED68395B93FCF53D51988B896D84E0F84BDB01D45B1B88E58229780F8946934E86D9B66C281964F40A25AB340F66A69D34784A2D66F29F23D5A3ED98B3AED86402F73279079BA01DEE95C6B7C67D05CA2512E71A2DD0E188139858C4CD567AD3A710D673B43CB6275A7DD6A9A1174221DF3242E770DF008BA99312412D7DA4DBD37580D97F8BCD3B24670CA1911B3FED38835369F4C88F3B1ADDDB75D83D8DB02F3C758BFA5F789CD069F2856ABAFBF901043576798196259876F03FACF7D3EC13220B121817BBB86F1468686B81F644943E4074273C4B09556BA4DDB0D62D8A37348B745420C5B7364CA8DC18E7C35477C05115F0C24E31114B622E4BF47FC8F59B5DED2A24D62E072A3BD73EA8517BCC0AADB3DAB1EE07026B822A40664C6299CB7B76CBC3337BA408B5E10E614B220F313C4C30FFD25C0E7D6C69C6E83989561BBDDB7DCBAB867F666FB52C0EA623BBB1B58141AFA8F8A614F4572C23CCCAA876F6E99F5D96F6B46A9E3061C7A12B80EA5AC6E7DF30BDA51F8BC36E96DEA9D52E7053AFD7A4B9BEB33943655F6210AE372D89E31E07A2F577DD47F1F7E7B5B0F9A39A7FD5B13FFB401EA6387D7B8FFC8C80D6E6EE0E2E0881D5ECBAE2EEBE306ACF581657687175A546CAD0956DFF3CB7AFFFC7BF107C11F3E2CF4BA9E920000000049454E44AE426082, '0', 'Rejected');
INSERT INTO `user` VALUES ('8', 'tmksmanju', 'tmksmanju', '05/06/1987', 'tmksmanju13@gmail.com', '9535866270', 'Bangalore', 'Cloud Consumer', 'SaaS', 'CS1', 0x89504E470D0A1A0A0000000D49484452000000CC000000CC080300000008FCBCC000000081504C5445FFFFFF050808000000000404F5F5F5FCFCFCEFEFEFE7E7E7404242F9F9F9EAEAEAC7C8C8393B3BABACAC767777D7D7D7B8B8B8A0A1A18A8B8B666767E0E0E09394942D2F2F3234340E1010CFCFCF151717999A9A8081816F7070464848252727B2B2B25556565456565F60608384844B4C4C8D8E8E191C1C262828171B1BC0C0C0AC06F72100000E7A49444154789CCD5DD9A2A2300CD5B28908881B2E880B6EE3FF7FE080D285D5362D70CFE3CC157A689226699A8E461DC0D0CDA9B5731F5E32094FFB718EFD299C24DEC3DD59535337BA78AF7298BE333F2C275B94431B1368F8DFB693E561EEF8E6D0636D85E1BB8BE364FF19F0B8059F3FD84F8E0BD7FFAB33F4F6E2CDF8178F22A3F126F6DE438FBB0CDD72E3B250F1E02B787160E94333C03076EE529C4791D1D2DDFD0581335D6FC32D5A4D481FB0F1DCA10DC2349A6D1B9810DB5546FD14A6366E164D8763623A49BDBE7F79EC37B3F89224CBA3F7C17199249778B6D93731CAFE397186999EE9FC5237A60F913089D6C1D9F12DBBF81BDBF29D73B08E92B09E50FAE3CBBCFFE9B1DDA43A9A0F91C96DBEF3A776EB8FA7FE6E7E8BEB08A58F48DCD61FABC73C1C97C6F12172F21C53E71C8AAD9B8E77AA12D2D0389C773B7A16BA139747906ACE6C1958E2CFB282E56C5CD2BBF4BBC44E4F2B8FEF555FBE895C1FFC3C37DA543F8EB75339E60698EBB0F8E2544EAE675F4ACC6DFF7C2D99450D85EBCE0DDB7B5678693A29DA71A54061EDD5512B4E0F42B36EDD36CB2BFBF49783B2EF671E2EE5A77B002DE484718E0BA2905951A5A26066F6BEF086F8DC91CBA67B7B54F86EF7B7F2F56DFABE176607EDBD4ECCDA2E66BF1A42AF79271FCD98BF8AEF89D59B353D28BD22E86C99B683D2670B144F8E15159EBF5FACD43EBF88D5625F601329B5037EC20872BAAE381D47528673653E9E8612F08A5CC5FB44B9A48B5BD043506804CC2AAAA193AA25C77099AF84C649A71246B14AC6CC6B91ABE40BEA0796CB33E82D7A328327CBE6A0C00CE8378D9D6E85C2FB1B3E2BDEDA4D9A8D7EA4F392BA173D07B5A6C7BEFD28C9C6BC32DFE6E9AA19A208DC27231757A96F692D19A9DD0C927B7C87CC1096120B8EB924F3A2A17BAFEA42E1DF99412CC173A35F99C71C07CB694D8FCC30AE40BD49759F2ADFADE78C090BFBC698019815D06FE48320B4503D40312C081B0D412CB47120EB0B42EB01E72583BD266C907610F705A80F932EBE1D8C4F10076638C22BC4FB6F7129B2115C23524782CA18E76F8CE0BCEBD04360244DCCA9B212AA700B5E7D316214DE8F8BAE12DFF6821AA44460F1D423FCBBD478F0FF2CC83760FE258755179BE3373AAA88DFA405F41B1C05ECD8EEF333ED9342DF5ED68EAF788EEC239597807F50443AEF22E359CDD8F803A14DF28067A0EB30BD534DE6CCD9E824D58742A1B1A40EFB98453641E1E5A6908F4FBC4E1473099A4186849E8236D0AD6C097E44EE79F3CDA99942E7DDBB69C49B4404C8E351CA334EF368C2ABD3FB596133263BB5FF4EB3FB72E1BE772B9918CBC5EA8CF6E7DF7F6D5121F344DFB4BAD7911913ABF0DDB78DBDF51CBE1E51B9897FDB67FAC727F1371E9BC81435093DE3089AE3314FFC1FFB4D1506A0B807CE3A8D8CD01D5804E453B5F9A1D226B6AE68CC6DC919ECB6FCA51A695C019B9D00E7D3D0AC5D76D644BF1288585B7B7E32299BBB03216326C442B5BA8D3B6CC711027DB5B3583910DA80B62B5678516F5D0775AAFD10211B392FC182207402CD4D406D40B3997788905D21CA394D04B964D20CF1DF8C2B11B4E68F819718B497FB60226C6022807513C54D7F3227B3B7804C8CF10F42E6097AD5820CB5A132C526DA1F83B4FF0DE0F27BB1A8C78A085158EFEEB9E3AFC608040B05783032C24ED30738E4D2C6B50E24515FF482F9B6318C4CA3D4B7C2C686B3DE84CC89290316486D60645EB0B7CD8941AB19AE79C154EFC0E85D7491912363600F1D5DAABE0A5E633498468EC033B301BEEE4D065C5D47925619E4C10C4666067C1DD5F1A4F25F8427787BAC673224E8D450F9F3472D12F847C9502D8F4AFF918F4493482CF74D868482E5B8C6CDA32AA4C1A3F3DEC998F9A60BDA165483A497D011FCE8FEC990944331EDB4DB602993A825E99FCC0ACB5921C8C3D93B7495C8D2F54FC6C6710D6B8275BCDD8FCEF0270F40260DD3F3872C69C469E541B5606E79783238F78C104D0812298B6472C1218C4C28F14A3BAACA59EEBC37C4069C980BE4CC18685B99530C3806630209B2F880A5CC766F303F333345910B4EA5FB64B1C7FFF2266A047DA62373EC2CDB9602D71811D3859F40564C58B8FCC91D82CF027EBF2B2C7F36A219211C7D1B586510B000CABE816705A32D9BD70A0BAB48FC7502FC5CDAD109F6BCD10AAA2E0C9927D4F5C87738D0E6ABEFC422C0F224E9D790E692BE1C5A24EF152D314EA8B5A43ADB71564106BA2A3878F49FC22BF3885506EAFD1F5490811A1F132BCD311BBE3FC9A58E6F33BA06901C73850C3428D4F1F02799D2E02434BCD8AFBA630E207306BE1C9BD26FB21F67D3A0B9BFACA2430119B0F3C18EDF386095011FBA59C1577FC2E51F382ADC61A5391824969170FF2D5896B940E6022E1A2261401AD3985881C0C9BFAC124C9A0C3C2984938168628EA6382F2311CBCCE55CB34C7BE1D5EC38A641DB69EADCE4CFE3AD5EACC14A56CED045A22E7E8D1958D814417798BE8864C9C8D44DE37DA7D482B9D84C9F259EB73A49B1411B999A415C86957A440FEC75423DB30F0219EB0CA85466E160AFFF81BD4E8990F98335B8578B265B388D43E7D4EBC7868DA37AAB0D86FF804D0E420FC91E47789943C9082F3317E972FF3EB7CE59D817BCD0E06C5775FB491C90C49954DA2C0716AE7074D294915943C8482C6F2532DA6994F75283A7992820DE33DCBDA5C0E9A6FD083F54626306633511AF6A9A28388F4B2A430919683683812DEE088814F537C2EB820C2D3AE685C4DE36836EC8EC44ED99A4DF91A31B325C75CD05320A34B5333282814D6D118F383A222358A6052CCF2AA34A46C98493EC02E7C4A8695C424DB3C24533036F01FD58AE1AA400BA682A74673298FC36E09B505500EACE2874343FB01A8F9D94B9C0CA5A6B401D4D7521408E15DF462DDAAAE2C284008A8233065C7B4F68A3AC490A139C290A9B5938BFCB1BD04CC5D2FF051336E384C64BDDD3498AA1655E54BEED45121A4A524D65ECDAF301DCA72CB9C0A49A9424012B687539D14B69972F2609A8223D5B835DB3DEA0506D9B14263DAB22715E8747339987D217B18973BAA5A1B69960F346A75A8126C7FDB32D0D059B4DB5688C3AD5449714EC6693826DC05AE052892A19A942B02AD86D40051BB4B538379D7254BB0894C62FBF755E8B77D32E077A2AFD6AC5AD7352D43053DA14B1F198A3525F6334D2B133F3296AA0E5264ABB44342E9B4A5D197A22238F8E482190D2B5CC6F5A3555BAB423A68CF1BB93484AB4D4A40172346EDA2AC9C85260B9CA6D24299E7BAA7C4963A583C2C829C3B3583C47CB1A557EB29EC46C552A6B942F38AD81B168F60040E7731B502E3855500A5C861DCC9A231A84666A3A7C66A894022B28D266A1EFD6FBD6BD670DA157A046A4AB45DAA47C5E850B68CEBDFDEF7D6784C2B58A7B4D5C54299F278227BDF5A31F2E1C54BE7436CBB3E4DBB20E59F9D3A8BA9323272F29393356D15EA08C3EFDD3976B4A4D8F8F73194C7D393D0C242167A6237CA54EAA3CFB852F210DE4AC0C731888FE630CF59CA7D9ED40808213849ED11CFA523BAE9B047C800E5AF7A9AFEFE58B4244E85C8002814BDD8B07E8E8D146C052635851BB29FE4D2735D5901D01A21DC58E5AE4D0A9701C60F80BE92B9B32E5D98AAF3C536CB78A874E99B64682E9337FB1912DD0CC5F8CE283A0074A1266E53647C4600B35CE330EA17C4D33A53311D21DD254AF7C509B3942CFEF6DDAEF8D3A2AE3EF253A026E41D078849E3637E02E645D1D9552C9E9DC785F6F9113F4D54D3FDA76E2CCF52CFB3C53A32C653A57CEE8FD4C065CCD29D05601139E99B62391EE5F2240CF07CF008C0911A51AAB4E5BB570688DC5E94E82D870550663E7B8BECA8336D878FEF2968CC60C9F223ABFB351FA93684C2D73DADEE8D75AE376CB256373FE3104DC22AF29734D1B4FFD88380FB053CC426CF6ED4B0E499734359E625A82B56E3C1DBA5317864DAB51A53587CDE97EE251B724378D40EB814BE670B5DC3D45FA7CB7D445D1367A93C6A99977AD2F84CDABF18BDA1362CA9A2D05D3E0B069DF7155DB5EB623364D169AEC97B61E89665A4FD653B6BBD77D86CDB67E940E57EB49B629E8B5F6B3C89EFA1164537B46684A7B35B6AF2124AED16A2F36A8EF61DC1D99BA86D136FDE03FDAB5328D74C75541238E6A6F6C6A9677875CE5F47B4389DA806AAF0315879805D954FC448B3660FF5D23CB349F4E4AA662DA975566C89C4A53A3932EAA68C211F9306DC14BFA05395222CDA6320691B6E06CC3F6524B983EDC980A19AD3004DADC86AF613BDB4ABF6004FAD798CF1858AD61949FB77B0173C901534969F46DCAF22130113EADFE1428BF63AE9FA031E94EBE8709884C48864D227BA11C12BD1884B92329E8227FF11B74DC3A739586C846127B654BEECBE9A2C74954810CC0835DD9C25EA63346B78FD968DC0AEF9CCC37EE3598FBB0446F28A4D71C695F77CF1946CA48211C73958E785D0C7B0155B671AFA2530E0C59006D2C98E188EFE614AE068B74A35FE7BF402632747A6D1BE86A30F6D2B6D40AF4EE3033642E96C70C0576AD266BBF5032CC2AF379F78669D10FBE5453672FD31C8447F9E5F08B0E0B5750FE09C85C4159BC1CF40F40EA72D0E2B5AD4343F6DAD6E285BAC342FE42DDE255C74342C555C7A54BA887E3A2E412EAD2F5E0837151563CC85EDC3E04145EDC9EC24F8664A3A144695DB7150D276AA99FABF69CD24897EAC624C725507AE2E2835D3C48DE0CC56A0F29E5D0BDAEEA185AB8ECA11D767FC138CB773214E412B76C6CCA228D92FA336B1A4A63C2CEA86478B7D4C5AB054233B587536B60AE25DB66F34143E1BAC34BA0097CAFFBC94925AC13235685EEC49DAA4E5611E87464C4EA300FC175CCBFA98C43B547467FC276934E66279D95C4557B649C07D3F945399D94CAA5ABBBD27FC07412245FA04D903D2B71FA30610D9846B3AD1A3A086D67D130934261BA9ECCDD136452369E3BE0A410183B57F8E40C8BEC7EEAA5ABE2D0961AE8961B7FAECB166EA397210EAC1E57153EBCBD7833E6B7089FBFDCC45EE70E181086EF2E8E933DFAC5E87BE7F9E4B87025DBCE760DD377E687E5648BEF6967048F5CDEBE9D2C0F73C7FF0B0AFF1B866E4EAD9DFBF0924978DA632EFB533849BC87BBB3A6A6DEC98CFC07125ACFC339E311ED0000000049454E44AE426082, '0', 'Rejected');
INSERT INTO `vm` VALUES ('1', 'Kamal', 'CS2', '9656', '1500', '10000', '02/08/2017   18:38:30');
INSERT INTO `vm` VALUES ('2', 'Manjunath', 'CS1', '9333', '2000', '10000', '03/08/2017   12:49:42');
